<?xml version="1.0" encoding="UTF-8"?>
<project-private xmlns="http://www.netbeans.org/ns/project-private/1">
    <editor-bookmarks xmlns="http://www.netbeans.org/ns/editor-bookmarks/2" lastBookmarkId="0"/>
    <open-files xmlns="http://www.netbeans.org/ns/projectui-open-files/2">
        <group>
            <file>file:/C:/Users/y.jairajkumar/Desktop/CollegeApp!/src/java/action/AddStaffDB.java</file>
            <file>file:/C:/Users/y.jairajkumar/Desktop/CollegeApp!/web/staffhome.jsp</file>
            <file>file:/C:/Users/y.jairajkumar/Desktop/CollegeApp!/web/studentlogindb.jsp</file>
            <file>file:/C:/Users/y.jairajkumar/Desktop/CollegeApp!/web/Feedbackdb.jsp</file>
            <file>file:/C:/Users/y.jairajkumar/Desktop/CollegeApp!/web/css/style.css</file>
            <file>file:/C:/Users/y.jairajkumar/Desktop/CollegeApp!/web/studenthome.jsp</file>
            <file>file:/C:/Users/y.jairajkumar/Desktop/CollegeApp!/web/addStudentDB.jsp</file>
            <file>file:/C:/Users/y.jairajkumar/Desktop/CollegeApp!/web/bog.html</file>
            <file>file:/C:/Users/y.jairajkumar/Desktop/CollegeApp!/web/replyFeedbackdb.jsp</file>
            <file>file:/C:/Users/y.jairajkumar/Desktop/CollegeApp!/web/css/magnific-popup.css</file>
            <file>file:/C:/Users/y.jairajkumar/Desktop/CollegeApp!/web/faculty/aaj001.html</file>
            <file>file:/C:/Users/y.jairajkumar/Desktop/CollegeApp!/web/registerDB.jsp</file>
            <file>file:/C:/Users/y.jairajkumar/Desktop/CollegeApp!/web/btech_admission.html</file>
            <file>file:/C:/Users/y.jairajkumar/Desktop/CollegeApp!/web/Feedback.jsp</file>
            <file>file:/C:/Users/y.jairajkumar/Desktop/CollegeApp!/web/ReplyFeedback.jsp</file>
            <file>file:/C:/Users/y.jairajkumar/Desktop/CollegeApp!/web/assignMentorDB.jsp</file>
            <file>file:/C:/Users/y.jairajkumar/Desktop/CollegeApp!/web/studentlogin.jsp</file>
            <file>file:/C:/Users/y.jairajkumar/Desktop/CollegeApp!/web/faculty/aap001.html</file>
            <file>file:/C:/Users/y.jairajkumar/Desktop/CollegeApp!/web/Studentviewfeedback.jsp</file>
            <file>file:/C:/Users/y.jairajkumar/Desktop/CollegeApp!/web/faculty.html</file>
            <file>file:/C:/Users/y.jairajkumar/Desktop/CollegeApp!/web/ViewStudent.jsp</file>
            <file>file:/C:/Users/y.jairajkumar/Desktop/CollegeApp!/web/AssignMentor.jsp</file>
            <file>file:/C:/Users/y.jairajkumar/Desktop/CollegeApp!/web/WEB-INF/web.xml</file>
            <file>file:/C:/Users/y.jairajkumar/Desktop/CollegeApp!/web/Staffviewfeedback.jsp</file>
            <file>file:/C:/Users/y.jairajkumar/Desktop/CollegeApp!/web/register.jsp</file>
        </group>
    </open-files>
</project-private>
